A	Allele	Group	Biomed	Adaptive
IGHV3-72*01	3-72*01	1	1	1
IGHV3-73*01	3-73*01	2	2	1
IGHV3-73*02	3-73*02	2	0	0
IGHV3-49*02	3-49*02	3	3	1
IGHV3-49*01	3-49*01	3	3	1
IGHV3-49*05	3-49*05	3	3	0
IGHV3-49*03	3-49*03	3	0	0
IGHV3-49*04	3-49*04	3	3	0
IGHV3-15*07	3-15*07	4	4	1
IGHV3-15*06	3-15*06	4	4	0
IGHV3-15*05	3-15*05	4	4	1
IGHV3-15*04	3-15*04	4	4	0
IGHV3-15*02	3-15*02	4	0	0
IGHV3-15*01	3-15*01	4	4	0
IGHV3-15*01_A313T	3-15*01_A313T	4	4	1
IGHV3-15*03	3-15*03	4	4	1
IGHV3-15*08	3-15*08	4	4	1
IGHV3-43D*04_G4A	3-43D*04_G4A	5	5	5
IGHV3-43D*03	3-43D*03	5	5	0
IGHV3-43D*04	3-43D*04	5	0	0
IGHV3-43*01	3-43*01	5	5	5
IGHV3-43*02	3-43*02	5	5	0
IGHV3-20*01	3-20*01	6	6	5
IGHV3-20*04	3-20*04	6	6	5
IGHV3-9*04	3-9*04	7	7	5
IGHV3-9*03	3-9*03	7	7	5
IGHV3-9*01	3-9*01	7	7	5
IGHV3-9*02	3-9*02	7	7	0
IGHV3-13*02	3-13*02	8	8	8
IGHV3-13*03	3-13*03	8	8	0
IGHV3-13*01_G290A_T300C	3-13*01_G290A_T300C	8	8	8
IGHV3-13*05	3-13*05	8	8	0
IGHV3-13*01	3-13*01	8	8	0
IGHV3-13*04	3-13*04	8	8	0
IGHV3-7*04	3-7*04	9	9	9
IGHV3-7*01	3-7*01	9	9	9
IGHV3-7*02	3-7*02	9	9	0
IGHV3-7*03	3-7*03	9	9	9
IGHV3-7*05	3-7*05	9	9	0
IGHV3-11*01	3-11*01	10	10	9
IGHV3-11*04	3-11*04	10	10	9
IGHV3-11*06	3-11*06	10	10	0
IGHV3-11*03	3-11*03	10	10	0
IGHV3-11*05	3-11*05	10	0	0
IGHV3-21*07	3-21*07	11	11	0
IGHV3-21*05	3-21*05	11	11	0
IGHV3-21*06	3-21*06	11	11	9
IGHV3-21*04	3-21*04	11	11	0
IGHV3-21*03	3-21*03	11	11	9
IGHV3-21*01	3-21*01	11	11	0
IGHV3-21*02	3-21*02	11	0	0
IGHV3-48*03	3-48*03	12	11	9
IGHV3-48*04	3-48*04	12	11	0
IGHV3-48*01	3-48*01	12	11	9
IGHV3-48*02	3-48*02	12	11	9
IGHV3-35*02	3-35*02	13	13	9
IGHV3-30-3*02	3-30-3*02	14	14	9
IGHV3-30*04_C201T_G317A	3-30*04_C201T_G317A	14	14	0
IGHV3-30*08	3-30*08	14	14	9
IGHV3-30*14	3-30*14	14	14	9
IGHV3-30*09	3-30*09	14	14	9
IGHV3-30-3*01	3-30-3*01	14	14	0
IGHV3-30-3*03	3-30-3*03	14	14	0
IGHV3-30*04	3-30*04	0	14	0
IGHV3-30*17	3-30*17	14	14	0
IGHV3-30*16	3-30*16	14	14	0
IGHV3-30*15	3-30*15	14	14	9
IGHV3-30*11	3-30*11	14	14	0
IGHV3-30*10	3-30*10	14	14	0
IGHV3-30*01	3-30*01	14	14	0
IGHV3-30*07	3-30*07	14	14	9
IGHV3-30*20	3-30*20	14	14	0
IGHV3-30*06	3-30*06	14	14	0
IGHV3-30*19	3-30*19	14	14	0
IGHV3-33*05	3-33*05	14	14	0
IGHV3-30*03	3-30*03	14	14	0
IGHV3-30-5*01	3-30-5*01	14	14	0
IGHV3-30*18	3-30*18	0	14	0
IGHV3-30*12	3-30*12	14	14	0
IGHV3-30*05	3-30*05	14	14	9
IGHV3-30*13	3-30*13	14	14	9
IGHV3-30*02_G49A	3-30*02_G49A	14	14	0
IGHV3-30*02_A275G	3-30*02_A275G	14	14	9
IGHV3-30-5*02	3-30-5*02	14	0	0
IGHV3-30*02	3-30*02	0	0	0
IGHV3-33*02	3-33*02	14	14	9
IGHV3-33*07	3-33*07	14	14	0
IGHV3-33*04	3-33*04	14	14	0
IGHV3-33*08	3-33*08	14	14	0
IGHV3-33*03	3-33*03	14	14	9
IGHV3-33*01	3-33*01	14	14	0
IGHV3-33*06	3-33*06	14	14	9
IGHV3-64*02	3-64*02	15	15	9
IGHV3-64*01	3-64*01	15	15	0
IGHV3-64*07	3-64*07	15	0	0
IGHV3-64*04	3-64*04	15	15	0
IGHV3-64D*06	3-64D*06	15	15	9
IGHV3-64D*08	3-64D*08	15	15	9
IGHV3-64D*09	3-64D*09	15	15	0
IGHV3-64*03	3-64*03	15	15	9
IGHV3-64*05	3-64*05	15	15	9
IGHV3-74*03	3-74*03	16	16	9
IGHV3-74*01	3-74*01	16	16	0
IGHV3-74*02	3-74*02	16	0	0
IGHV3-66*01	3-66*01	17	17	8
IGHV3-66*04	3-66*04	17	17	0
IGHV3-66*02	3-66*02	17	17	8
IGHV3-66*02_G303A	3-66*02_G303A	17	17	8
IGHV3-53*03	3-53*03	17	17	8
IGHV3-53*05	3-53*05	17	17	8
IGHV3-53*02_C259T	3-53*02_C259T	17	17	8
IGHV3-53*01	3-53*01	17	17	8
IGHV3-53*02	3-53*02	17	0	0
IGHV3-53*04	3-53*04	17	17	8
IGHV3-66*03	3-66*03	17	17	0
IGHV3-23*02	3-23*02	18	18	9
IGHV3-23*04	3-23*04	18	0	0
IGHV3-23*01_G239T	3-23*01_G239T	18	18	9
IGHV3-23*01	3-23*01	18	18	9
IGHV3-23D*01	3-23D*01	0	18	9
IGHV3-23*03	3-23*03	18	18	9
IGHV3-23*05	3-23*05	18	18	0
IGHV5-10-1*02	5-10-1*02	19	19	19
IGHV5-10-1*04	5-10-1*04	19	19	19
IGHV5-10-1*01	5-10-1*01	19	19	19
IGHV5-10-1*03	5-10-1*03	19	0	0
IGHV5-51*02	5-51*02	20	20	19
IGHV5-51*07	5-51*07	20	20	0
IGHV5-51*06	5-51*06	20	20	19
IGHV5-51*04	5-51*04	20	20	19
IGHV5-51*01	5-51*01	20	20	0
IGHV5-51*03	5-51*03	20	0	0
IGHV7-4-1*01	7-4-1*01	21	21	21
IGHV7-4-1*02	7-4-1*02	21	21	21
IGHV7-4-1*04	7-4-1*04	21	21	21
IGHV7-4-1*05	7-4-1*05	21	21	21
IGHV1-24*01	1-24*01	22	22	22
IGHV1-69-2*01	1-69-2*01	23	23	22
IGHV1-58*03	1-58*03	24	24	24
IGHV1-58*01	1-58*01	24	0	0
IGHV1-58*02	1-58*02	24	24	0
IGHV1-45*03	1-45*03	25	25	24
IGHV1-45*01	1-45*01	25	25	24
IGHV1-45*02	1-45*02	25	25	0
IGHV1-69*02	1-69*02	26	26	22
IGHV1-69*08	1-69*08	26	26	0
IGHV1-69*10	1-69*10	26	26	0
IGHV1-69*10_A54G	1-69*10_A54G	26	0	0
IGHV1-69*20	1-69*20	26	26	0
IGHV1-69*09	1-69*09	26	0	0
IGHV1-69*04	1-69*04	26	26	0
IGHV1-69*04_T191C	1-69*04_T191C	26	26	0
IGHV1-69*17	1-69*17	26	26	0
IGHV1-69*06	1-69*06	26	0	0
IGHV1-69*06_G240A	1-69*06_G240A	26	26	22
IGHV1-69*19	1-69*19	26	26	22
IGHV1-69*18	1-69*18	26	26	0
IGHV1-69*01_C26T	1-69*01_C26T	26	0	0
IGHV1-69*01	1-69*01	26	26	22
IGHV1-69D*01	1-69D*01	0	26	22
IGHV1-69*14	1-69*14	26	26	0
IGHV1-69*13	1-69*13	26	0	0
IGHV1-69*05	1-69*05	26	26	0
IGHV1-69*12	1-69*12	26	0	0
IGHV1-69*16	1-69*16	26	26	22
IGHV1-69*11	1-69*11	26	26	0
IGHV1-69*15	1-69*15	26	0	0
IGHV1-8*03	1-8*03	27	27	24
IGHV1-8*01	1-8*01	27	27	24
IGHV1-8*02	1-8*02	27	27	0
IGHV1-46*04	1-46*04	28	28	24
IGHV1-46*03	1-46*03	28	28	24
IGHV1-46*01	1-46*01	28	28	0
IGHV1-46*02	1-46*02	28	28	0
IGHV1-2*07	1-2*07	29	29	24
IGHV1-2*04	1-2*04	29	29	0
IGHV1-2*02	1-2*02	29	29	0
IGHV1-2*03	1-2*03	29	0	0
IGHV1-2*01	1-2*01	29	29	24
IGHV1-2*05	1-2*05	29	29	24
IGHV1-2*06	1-2*06	29	29	0
IGHV1-18*04	1-18*04	30	30	22
IGHV1-18*01	1-18*01	30	30	0
IGHV1-18*03	1-18*03	30	30	22
IGHV1-3*05	1-3*05	31	31	24
IGHV1-3*01	1-3*01	31	0	0
IGHV1-3*04	1-3*04	31	31	0
IGHV1-3*02	1-3*02	31	31	24
IGHV1-3*03	1-3*03	31	31	0
IGHV2-26*04	2-26*04	32	32	32
IGHV2-26*03	2-26*03	32	32	32
IGHV2-26*01	2-26*01	32	32	0
IGHV2-26*02	2-26*02	32	32	32
IGHV2-5*08	2-5*08	33	33	32
IGHV2-5*01	2-5*01	33	33	0
IGHV2-5*02	2-5*02	33	33	0
IGHV2-5*09	2-5*09	33	33	0
IGHV2-5*05	2-5*05	33	0	0
IGHV2-5*06	2-5*06	33	0	0
IGHV2-70*12	2-70*12	34	34	32
IGHV2-70*10	2-70*10	34	34	32
IGHV2-70D*14	2-70D*14	34	34	0
IGHV2-70*16	2-70*16	34	34	0
IGHV2-70*17	2-70*17	34	0	0
IGHV2-70*04_A14G	2-70*04_A14G	34	0	0
IGHV2-70*04	2-70*04	34	34	0
IGHV2-70D*04	2-70D*04	0	34	0
IGHV2-70*01	2-70*01	34	34	0
IGHV2-70*13	2-70*13	34	34	32
IGHV2-70*11	2-70*11	34	34	0
IGHV2-70*15	2-70*15	34	0	0
IGHV2-70*18	2-70*18	34	34	0
IGHV2-70*19	2-70*19	34	34	0
IGHV2-70*20	2-70*20	34	34	0
IGHV6-1*02	6-1*02	35	0	0
IGHV6-1*01	6-1*01	35	35	0
IGHV6-1*01_T91C	6-1*01_T91C	35	35	35
IGHV4-4*08	4-4*08	36	36	36
IGHV4-4*09	4-4*09	36	36	36
IGHV4-59*08	4-59*08	36	36	0
IGHV4-59*12	4-59*12	36	36	36
IGHV4-59*13	4-59*13	36	36	36
IGHV4-59*11	4-59*11	36	36	0
IGHV4-59*07	4-59*07	36	36	0
IGHV4-59*02	4-59*02	36	36	0
IGHV4-59*01	4-59*01	36	0	0
IGHV4-59*01_G267A	4-59*01_G267A	36	36	36
IGHV4-59*10	4-59*10	37	36	36
IGHV4-4*07	4-4*07	37	36	0
IGHV4-4*07_A70G	4-4*07_A70G	37	36	0
IGHV4-34*09	4-34*09	38	38	36
IGHV4-34*10	4-34*10	38	38	36
IGHV4-34*11	4-34*11	39	39	36
IGHV4-34*12	4-34*12	39	39	36
IGHV4-34*01	4-34*01	39	39	0
IGHV4-34*02	4-34*02	39	0	0
IGHV4-34*04	4-34*04	39	39	36
IGHV4-34*05	4-34*05	39	39	0
IGHV4-4*01	4-4*01	40	40	36
IGHV4-4*03	4-4*03	40	40	36
IGHV4-4*02	4-4*02	40	0	0
IGHV4-4*10	4-4*10	40	40	0
IGHV4-28*02	4-28*02	41	41	36
IGHV4-28*06	4-28*06	41	41	36
IGHV4-28*04	4-28*04	41	41	36
IGHV4-28*07	4-28*07	41	41	0
IGHV4-28*05	4-28*05	41	0	0
IGHV4-28*01	4-28*01	41	0	0
IGHV4-28*03	4-28*03	41	41	0
IGHV4-30-2*03	4-30-2*03	42	42	36
IGHV4-30-4*07	4-30-4*07	42	42	36
IGHV4-30-2*05	4-30-2*05	42	42	36
IGHV4-30-2*06	4-30-2*06	42	42	0
IGHV4-30-2*01_G70A	4-30-2*01_G70A	42	42	36
IGHV4-30-2*01	4-30-2*01	42	42	0
IGHV4-30-2*01_C285T	4-30-2*01_C285T	42	42	36
IGHV4-30-4*02	4-30-4*02	43	43	36
IGHV4-30-4*01_A70G_A107G	4-30-4*01_A70G_A107G	43	43	0
IGHV4-30-4*01	4-30-4*01	43	43	0
IGHV4-30-4*08	4-30-4*08	43	43	0
IGHV4-31*10	4-31*10	44	43	36
IGHV4-31*11_G4C_G21C_C25T_A113C	4-31*11_G4C_G21C_C25T_A113C	44	43	36
IGHV4-31*11	4-31*11	44	43	0
IGHV4-31*02	4-31*02	44	43	0
IGHV4-31*01	4-31*01	44	43	36
IGHV4-31*03	4-31*03	44	43	0
IGHV4-38-2*02_G246A	4-38-2*02_G246A	45	45	36
IGHV4-38-2*01	4-38-2*01	45	45	36
IGHV4-38-2*02	4-38-2*02	45	45	0
IGHV4-39*08	4-39*08	45	45	0
IGHV4-39*02	4-39*02	45	45	36
IGHV4-39*01_G315A	4-39*01_G315A	45	45	36
IGHV4-39*01	4-39*01	45	0	0
IGHV4-39*01_A200C	4-39*01_A200C	45	45	36
IGHV4-39*06	4-39*06	45	45	36
IGHV4-39*07	4-39*07	45	45	36
IGHV4-39*09	4-39*09	45	45	36
IGHV4-61*09	4-61*09	46	46	36
IGHV4-61*02	4-61*02	46	46	0
IGHV4-61*11	4-61*11	46	46	36
IGHV4-61*05	4-61*05	46	46	36
IGHV4-61*10	4-61*10	46	46	36
IGHV4-61*08	4-61*08	46	46	0
IGHV4-61*03	4-61*03	46	46	36
IGHV4-61*01	4-61*01	46	0	0
IGHV4-61*01_A41G	4-61*01_A41G	46	46	0
